symbol,entry_ts,entry_px,exit_ts,exit_px,shares,stop,target,reason,pnl,pnl_pct,bars_held
NVDA,2026-06-15T11:45:00-04:00,212.5062,2026-06-15T15:55:00-04:00,212.3538,14.0902,208.2561,225.2566,EOD_FLAT,-2.15,-0.072,50
VRTX,2026-06-15T10:45:00-04:00,451.2955,2026-06-15T15:55:00-04:00,450.2448,6.6475,442.2696,478.3733,EOD_FLAT,-6.99,-0.233,62
HON,2026-06-15T10:30:00-04:00,240.9647,2026-06-15T15:55:00-04:00,238.4963,12.4499,236.1454,255.4226,EOD_FLAT,-30.73,-1.024,65
GOOGL,2026-06-16T11:00:00-04:00,375.2975,2026-06-16T15:55:00-04:00,373.0934,7.9473,367.7916,397.8154,EOD_FLAT,-17.52,-0.587,59
COST,2026-06-16T11:45:00-04:00,994.7971,2026-06-16T15:55:00-04:00,986.1167,2.9993,974.9011,1054.4849,EOD_FLAT,-26.04,-0.873,50
PG,2026-06-16T10:30:00-04:00,152.8664,2026-06-16T15:55:00-04:00,152.4737,19.5467,149.8091,162.0384,EOD_FLAT,-7.68,-0.257,65
HON,2026-06-17T11:30:00-04:00,245.4819,2026-06-17T15:20:00-04:00,240.452,12.1127,240.5722,260.2108,STOP,-60.93,-2.049,46
CDNS,2026-06-17T12:30:00-04:00,399.8748,2026-06-17T15:25:00-04:00,391.6814,7.449,391.8773,423.8673,STOP,-61.03,-2.049,35
VRTX,2026-06-17T11:15:00-04:00,461.1806,2026-06-17T15:55:00-04:00,458.8105,6.4457,451.957,488.8514,EOD_FLAT,-15.28,-0.514,56
NVDA,2026-06-18T12:30:00-04:00,210.5652,2026-06-18T15:55:00-04:00,210.1249,13.922,206.3539,223.1992,EOD_FLAT,-6.13,-0.209,41
CAT,2026-06-22T12:15:00-04:00,1020.2298,2026-06-22T15:55:00-04:00,1021.1491,2.8715,999.8252,1081.4436,EOD_FLAT,2.64,0.09,44
XOM,2026-06-23T13:15:00-04:00,140.3301,2026-06-23T15:55:00-04:00,139.6601,20.8959,137.5235,148.7499,EOD_FLAT,-14.0,-0.477,32
OKE,2026-06-23T11:15:00-04:00,87.4287,2026-06-23T15:55:00-04:00,88.016,33.5182,85.6801,92.6744,EOD_FLAT,19.68,0.672,56
KO,2026-06-24T10:00:00-04:00,81.395,2026-06-24T15:55:00-04:00,80.5797,36.0238,79.7671,86.2787,EOD_FLAT,-29.37,-1.002,71
VRTX,2026-06-24T12:45:00-04:00,479.2395,2026-06-24T15:55:00-04:00,474.9524,6.1118,469.6547,507.9939,EOD_FLAT,-26.2,-0.895,38
VRTX,2026-06-25T10:00:00-04:00,482.1809,2026-06-25T15:55:00-04:00,479.71,6.0446,472.5373,511.1117,EOD_FLAT,-14.94,-0.512,71
PSX,2026-06-25T10:00:00-04:00,171.7058,2026-06-25T15:55:00-04:00,171.7241,16.9795,168.2717,182.0082,EOD_FLAT,0.31,0.011,71
OKE,2026-06-25T10:00:00-04:00,88.9945,2026-06-25T15:55:00-04:00,89.4752,32.7554,87.2146,94.3341,EOD_FLAT,15.75,0.54,71
VRTX,2026-06-26T10:30:00-04:00,499.0444,2026-06-26T15:15:00-04:00,488.819,5.8428,489.0635,528.9871,STOP,-59.75,-2.049,57
GOOGL,2026-06-26T12:00:00-04:00,346.2681,2026-06-26T15:50:00-04:00,339.1731,8.4259,339.3428,367.0442,STOP,-59.78,-2.049,46
LLY,2026-06-26T11:45:00-04:00,1206.513,2026-06-26T15:55:00-04:00,1205.8567,2.4221,1182.3827,1278.9038,EOD_FLAT,-1.59,-0.054,50
LRCX,2026-06-29T10:30:00-04:00,397.6988,2026-06-29T15:55:00-04:00,410.4547,7.2403,389.7448,421.5607,EOD_FLAT,92.36,3.207,65
GOOGL,2026-06-29T13:30:00-04:00,353.2766,2026-06-29T15:55:00-04:00,353.2933,8.2269,346.211,374.4731,EOD_FLAT,0.14,0.005,29
CAT,2026-06-29T14:00:00-04:00,1035.2974,2026-06-29T15:55:00-04:00,1032.3336,2.8113,1014.5915,1097.4153,EOD_FLAT,-8.33,-0.286,23
AAPL,2026-06-30T11:30:00-04:00,288.8944,2026-06-30T15:55:00-04:00,288.9455,10.0695,283.1165,306.228,EOD_FLAT,0.51,0.018,53
GOOGL,2026-06-30T11:15:00-04:00,356.6182,2026-06-30T15:55:00-04:00,356.9014,8.1678,349.4859,378.0153,EOD_FLAT,2.31,0.079,56
CAT,2026-06-30T10:00:00-04:00,1059.1894,2026-06-30T15:55:00-04:00,1064.0677,2.7424,1038.0056,1122.7407,EOD_FLAT,13.38,0.461,71
AAPL,2026-07-01T10:45:00-04:00,295.0375,2026-07-01T15:55:00-04:00,294.1029,9.8618,289.1367,312.7397,EOD_FLAT,-9.22,-0.317,62
AMZN,2026-07-01T13:15:00-04:00,244.4021,2026-07-01T15:55:00-04:00,241.5492,11.8922,239.5141,259.0663,EOD_FLAT,-33.93,-1.167,32
AAPL,2026-07-02T10:00:00-04:00,303.1618,2026-07-02T15:55:00-04:00,308.0659,9.5533,297.0986,321.3515,EOD_FLAT,46.85,1.618,71
LLY,2026-07-02T10:15:00-04:00,1221.6005,2026-07-02T15:55:00-04:00,1209.8747,2.3785,1197.1685,1294.8965,EOD_FLAT,-27.89,-0.96,68
VRTX,2026-07-02T10:00:00-04:00,514.257,2026-07-02T15:55:00-04:00,527.671,5.6327,503.9719,545.1124,EOD_FLAT,75.56,2.608,71
AAPL,2026-07-06T10:15:00-04:00,311.0459,2026-07-06T15:55:00-04:00,312.6536,9.4037,304.825,329.7087,EOD_FLAT,15.12,0.517,68
GOOGL,2026-07-06T12:15:00-04:00,364.9124,2026-07-06T15:55:00-04:00,366.2368,8.0291,357.6141,386.8071,EOD_FLAT,10.63,0.363,44
PSX,2026-07-07T11:00:00-04:00,180.5302,2026-07-07T12:20:00-04:00,176.8312,16.2272,176.9196,191.362,STOP,-60.03,-2.049,16
NVDA,2026-07-07T12:30:00-04:00,197.7838,2026-07-07T15:55:00-04:00,196.8315,14.6294,193.8282,209.6509,EOD_FLAT,-13.93,-0.481,41
XOM,2026-07-07T10:30:00-04:00,141.4057,2026-07-07T15:55:00-04:00,141.5892,20.7398,138.5776,149.89,EOD_FLAT,3.81,0.13,65
SLB,2026-07-07T10:45:00-04:00,46.4382,2026-07-07T15:55:00-04:00,46.3918,63.0643,45.5094,49.2245,EOD_FLAT,-2.93,-0.1,62
NVDA,2026-07-08T12:45:00-04:00,200.3001,2026-07-08T15:55:00-04:00,204.0479,14.5559,196.2941,212.3181,EOD_FLAT,54.55,1.871,38
PSX,2026-07-08T10:15:00-04:00,185.7328,2026-07-08T15:55:00-04:00,187.6961,15.672,182.0182,196.8768,EOD_FLAT,30.77,1.057,68
AAPL,2026-07-09T12:00:00-04:00,315.1825,2026-07-09T15:55:00-04:00,316.0219,9.3331,308.8789,334.0935,EOD_FLAT,7.83,0.266,47
CDNS,2026-07-09T10:00:00-04:00,381.6907,2026-07-09T15:55:00-04:00,385.6471,7.6931,374.0569,404.5922,EOD_FLAT,30.44,1.037,71
NVDA,2026-07-10T12:15:00-04:00,209.9947,2026-07-10T15:55:00-04:00,210.8445,14.023,205.7949,222.5944,EOD_FLAT,11.92,0.405,44
KO,2026-07-10T10:45:00-04:00,83.6568,2026-07-10T15:55:00-04:00,83.4433,35.2379,81.9837,88.6762,EOD_FLAT,-7.52,-0.255,62
XOM,2026-07-13T12:00:00-04:00,143.8419,2026-07-13T15:55:00-04:00,144.4927,20.5031,140.9651,152.4724,EOD_FLAT,13.34,0.452,47
NVDA,2026-07-14T13:00:00-04:00,211.2356,2026-07-14T15:55:00-04:00,211.6941,13.9806,207.0109,223.9097,EOD_FLAT,6.41,0.217,35
GOOGL,2026-07-14T13:30:00-04:00,359.0695,2026-07-14T15:55:00-04:00,359.3702,8.218,351.8881,380.6136,EOD_FLAT,2.47,0.084,29
AAPL,2026-07-15T10:00:00-04:00,323.4216,2026-07-15T15:55:00-04:00,327.4062,9.138,316.9532,342.8269,EOD_FLAT,36.41,1.232,71
GOOGL,2026-07-15T10:00:00-04:00,365.3676,2026-07-15T15:55:00-04:00,370.7346,8.0877,358.0602,387.2896,EOD_FLAT,43.41,1.469,71
AMZN,2026-07-15T10:00:00-04:00,253.5817,2026-07-15T15:55:00-04:00,254.7526,11.6565,248.5101,268.7966,EOD_FLAT,13.65,0.462,71
LLY,2026-07-16T10:00:00-04:00,1172.496,2026-07-16T15:55:00-04:00,1169.1151,2.5445,1149.0461,1242.8457,EOD_FLAT,-8.6,-0.288,71
TMO,2026-07-16T10:00:00-04:00,542.6862,2026-07-16T15:55:00-04:00,542.9984,5.4967,531.8325,575.2474,EOD_FLAT,1.72,0.058,71
PSX,2026-07-16T10:00:00-04:00,201.4056,2026-07-16T15:55:00-04:00,201.1994,14.8154,197.3775,213.49,EOD_FLAT,-3.06,-0.102,71
AMZN,2026-07-20T11:00:00-04:00,251.0254,2026-07-20T15:55:00-04:00,249.97,11.8644,246.0049,266.087,EOD_FLAT,-12.52,-0.42,59
OKE,2026-07-20T10:30:00-04:00,94.7273,2026-07-20T15:55:00-04:00,93.5132,31.4685,92.8328,100.411,EOD_FLAT,-38.21,-1.282,65
XOM,2026-07-21T10:30:00-04:00,150.9855,2026-07-21T15:55:00-04:00,151.6441,19.6423,147.9657,160.0446,EOD_FLAT,12.94,0.436,65
CAT,2026-07-21T12:45:00-04:00,895.7827,2026-07-21T15:55:00-04:00,889.3651,3.3156,877.867,949.5297,EOD_FLAT,-21.28,-0.716,38
HON,2026-07-21T10:45:00-04:00,230.7953,2026-07-21T15:55:00-04:00,229.6851,12.8347,226.1794,244.6431,EOD_FLAT,-14.25,-0.481,62
HON,2026-07-22T10:00:00-04:00,237.9489,2026-07-22T12:20:00-04:00,233.0733,12.4351,233.1899,252.2259,STOP,-60.63,-2.049,28
NVDA,2026-07-22T11:00:00-04:00,209.8949,2026-07-22T15:55:00-04:00,211.9539,14.0274,205.697,222.4886,EOD_FLAT,28.88,0.981,59
HON,2026-07-23T10:00:00-04:00,249.7698,2026-07-23T12:45:00-04:00,244.652,11.8085,244.7744,264.756,STOP,-60.43,-2.049,33
COP,2026-07-23T10:30:00-04:00,122.006,2026-07-23T15:55:00-04:00,120.1399,24.0897,119.5659,129.3263,EOD_FLAT,-44.95,-1.529,65
CAT,2026-07-23T10:15:00-04:00,907.9237,2026-07-23T15:55:00-04:00,892.9933,3.2421,889.7652,962.3991,EOD_FLAT,-48.41,-1.644,68
OKE,2026-07-24T10:00:00-04:00,95.1275,2026-07-24T15:45:00-04:00,93.1784,30.5198,93.225,100.8352,STOP,-59.49,-2.049,69
KO,2026-07-24T10:45:00-04:00,82.131,2026-07-24T15:55:00-04:00,82.2089,35.3323,80.4884,87.0589,EOD_FLAT,2.75,0.095,62
LLY,2026-07-24T10:15:00-04:00,1205.2075,2026-07-24T15:55:00-04:00,1195.442,2.4103,1181.1034,1277.52,EOD_FLAT,-23.54,-0.81,68
AAPL,2026-07-27T10:15:00-04:00,337.7988,2026-07-27T15:55:00-04:00,336.7516,8.5233,331.0428,358.0667,EOD_FLAT,-8.93,-0.31,68
TJX,2026-07-27T13:15:00-04:00,156.9709,2026-07-27T15:55:00-04:00,156.3118,18.3292,153.8315,166.3892,EOD_FLAT,-12.08,-0.42,32
KO,2026-07-27T10:30:00-04:00,83.4767,2026-07-27T15:55:00-04:00,84.063,34.4772,81.8072,88.4853,EOD_FLAT,20.21,0.702,65
KO,2026-07-28T10:30:00-04:00,90.105,2026-07-28T12:25:00-04:00,88.2588,31.9943,88.3029,95.5113,STOP,-59.07,-2.049,23
TJX,2026-07-28T10:15:00-04:00,161.0705,2026-07-28T15:55:00-04:00,160.7496,17.8712,157.8491,170.7347,EOD_FLAT,-5.74,-0.199,68
VRTX,2026-07-28T10:15:00-04:00,490.27,2026-07-28T15:55:00-04:00,490.1948,5.8721,480.4646,519.6862,EOD_FLAT,-0.44,-0.015,68
GOOGL,2026-07-29T13:15:00-04:00,337.9539,2026-07-29T15:55:00-04:00,336.5017,8.4648,331.1948,358.2311,EOD_FLAT,-12.29,-0.43,32
TJX,2026-07-29T11:15:00-04:00,162.091,2026-07-29T15:55:00-04:00,161.5692,17.6261,158.8492,171.8165,EOD_FLAT,-9.2,-0.322,56
COP,2026-07-29T10:30:00-04:00,118.5342,2026-07-29T15:55:00-04:00,118.011,24.1228,116.1636,125.6463,EOD_FLAT,-12.62,-0.441,65
AMZN,2026-07-31T10:30:00-04:00,271.7908,2026-07-31T11:35:00-04:00,266.2218,10.4831,266.355,288.0983,STOP,-58.38,-2.049,13
GOOGL,2026-07-31T10:00:00-04:00,346.9284,2026-07-31T15:55:00-04:00,356.1518,8.2124,339.9898,367.7441,EOD_FLAT,75.75,2.659,71
HON,2026-07-31T13:30:00-04:00,245.1325,2026-07-31T15:55:00-04:00,242.9285,11.6241,240.2298,259.8404,EOD_FLAT,-25.62,-0.899,29
HON,2026-08-03T10:00:00-04:00,248.5342,2026-08-03T12:15:00-04:00,243.4417,11.4538,243.5635,263.4463,STOP,-58.33,-2.049,27
NVDA,2026-08-03T11:00:00-04:00,207.1835,2026-08-03T15:55:00-04:00,206.5867,13.7183,203.0399,219.6146,EOD_FLAT,-8.19,-0.288,59
MSFT,2026-08-04T10:00:00-04:00,492.0959,2026-08-04T15:55:00-04:00,492.5736,5.7442,482.254,521.6217,EOD_FLAT,2.74,0.097,71
LRCX,2026-08-04T11:45:00-04:00,314.5572,2026-08-04T15:55:00-04:00,317.4812,9.0492,308.2661,333.4306,EOD_FLAT,26.46,0.93,50
SLB,2026-08-04T10:00:00-04:00,49.9149,2026-08-04T15:55:00-04:00,50.7946,56.6221,48.9166,52.9098,EOD_FLAT,49.81,1.762,71
SLB,2026-08-06T10:15:00-04:00,51.3256,2026-08-06T15:55:00-04:00,51.5342,55.5359,50.2991,54.4052,EOD_FLAT,11.58,0.406,68
NVDA,2026-08-07T11:30:00-04:00,224.8023,2026-08-07T15:55:00-04:00,223.868,12.6928,220.3063,238.2905,EOD_FLAT,-11.86,-0.416,53
TMO,2026-08-07T10:00:00-04:00,583.9518,2026-08-07T15:55:00-04:00,593.5731,4.8872,572.2728,618.9889,EOD_FLAT,47.02,1.648,71
MSFT,2026-08-10T10:15:00-04:00,510.5151,2026-08-10T15:55:00-04:00,505.717,5.6108,500.3048,541.146,EOD_FLAT,-26.92,-0.94,68
ABT,2026-08-10T10:45:00-04:00,109.0195,2026-08-10T15:55:00-04:00,108.5757,26.2699,106.8391,115.5606,EOD_FLAT,-11.66,-0.407,62
SLB,2026-08-10T10:30:00-04:00,52.026,2026-08-10T15:55:00-04:00,53.1734,55.1252,50.9855,55.1476,EOD_FLAT,63.25,2.205,65
XOM,2026-08-11T11:00:00-04:00,161.2956,2026-08-11T15:55:00-04:00,159.7201,17.7802,158.0697,170.9733,EOD_FLAT,-28.01,-0.977,59
SLB,2026-08-11T10:15:00-04:00,53.9169,2026-08-11T15:55:00-04:00,53.6632,53.2642,52.8386,57.152,EOD_FLAT,-13.52,-0.471,68
PSX,2026-08-11T10:30:00-04:00,220.8504,2026-08-11T15:55:00-04:00,224.2778,12.9972,216.4334,234.1014,EOD_FLAT,44.55,1.552,65
KO,2026-08-12T11:45:00-04:00,87.2436,2026-08-12T15:55:00-04:00,86.7016,32.9229,85.4987,92.4782,EOD_FLAT,-17.84,-0.621,50
ABT,2026-08-12T11:45:00-04:00,110.4852,2026-08-12T15:55:00-04:00,110.8645,26.0012,108.2755,117.1143,EOD_FLAT,9.86,0.343,50
OKE,2026-08-12T13:00:00-04:00,92.101,2026-08-12T15:55:00-04:00,92.4238,31.213,90.259,97.6271,EOD_FLAT,10.07,0.35,35
LRCX,2026-08-13T10:00:00-04:00,330.3701,2026-08-13T15:55:00-04:00,337.0414,8.6974,323.7627,350.1923,EOD_FLAT,58.02,2.019,71
GOOGL,2026-08-13T10:15:00-04:00,347.6337,2026-08-13T15:55:00-04:00,346.2368,8.2684,340.681,368.4917,EOD_FLAT,-11.55,-0.402,68
KO,2026-08-13T10:00:00-04:00,87.6438,2026-08-13T15:55:00-04:00,87.3913,32.7798,85.8909,92.9024,EOD_FLAT,-8.28,-0.288,71
XOM,2026-08-14T10:00:00-04:00,160.9804,2026-08-14T15:55:00-04:00,160.01,17.9177,157.7608,170.6393,EOD_FLAT,-17.39,-0.603,71
COP,2026-08-14T10:00:00-04:00,127.2136,2026-08-14T15:55:00-04:00,126.7116,22.6771,124.6693,134.8464,EOD_FLAT,-11.38,-0.395,71
OKE,2026-08-14T10:00:00-04:00,94.5673,2026-08-14T15:55:00-04:00,94.9525,30.4965,92.6759,100.2413,EOD_FLAT,11.75,0.407,71
VRTX,2026-08-17T12:30:00-04:00,515.2575,2026-08-17T15:55:00-04:00,515.3122,5.5972,504.9524,546.173,EOD_FLAT,0.31,0.011,41
PSX,2026-08-17T12:00:00-04:00,239.6248,2026-08-17T15:55:00-04:00,240.4597,12.0364,234.8323,254.0022,EOD_FLAT,10.05,0.348,47
CAT,2026-08-17T10:45:00-04:00,877.0783,2026-08-17T15:55:00-04:00,881.2442,3.2833,859.5368,929.703,EOD_FLAT,13.68,0.475,62
AAPL,2026-08-18T10:00:00-04:00,309.1645,2026-08-18T15:55:00-04:00,310.0449,9.3378,302.9812,327.7144,EOD_FLAT,8.22,0.285,71
KO,2026-08-18T11:00:00-04:00,88.8544,2026-08-18T15:55:00-04:00,88.7756,32.5343,87.0773,94.1857,EOD_FLAT,-2.56,-0.089,59
LLY,2026-08-18T11:30:00-04:00,1219.0092,2026-08-18T15:55:00-04:00,1226.0467,2.3689,1194.629,1292.1498,EOD_FLAT,16.67,0.577,53
AAPL,2026-08-19T10:00:00-04:00,317.3486,2026-08-19T15:55:00-04:00,316.7216,9.1181,311.0016,336.3895,EOD_FLAT,-5.72,-0.198,71
MSFT,2026-08-19T10:15:00-04:00,484.5972,2026-08-19T15:55:00-04:00,484.2378,5.9717,474.9052,513.673,EOD_FLAT,-2.15,-0.074,68
COP,2026-08-19T10:15:00-04:00,131.9459,2026-08-19T15:55:00-04:00,130.5547,21.9357,129.307,139.8627,EOD_FLAT,-30.52,-1.054,68
KO,2026-08-20T12:00:00-04:00,91.6058,2026-08-20T15:55:00-04:00,90.4847,31.6474,89.7737,97.1021,EOD_FLAT,-35.48,-1.224,47
TMO,2026-08-20T10:45:00-04:00,623.3765,2026-08-20T15:55:00-04:00,627.4061,4.6159,610.909,660.7791,EOD_FLAT,18.6,0.646,62
COP,2026-08-20T10:30:00-04:00,135.2576,2026-08-20T15:55:00-04:00,134.8475,21.3083,132.5524,143.3731,EOD_FLAT,-8.74,-0.303,65
MSFT,2026-08-21T11:00:00-04:00,486.1129,2026-08-21T15:55:00-04:00,483.1083,5.9163,476.3907,515.2797,EOD_FLAT,-17.78,-0.618,59
VRTX,2026-08-21T10:15:00-04:00,553.6517,2026-08-21T15:55:00-04:00,547.8359,5.191,542.5787,586.8708,EOD_FLAT,-30.19,-1.05,68
ABT,2026-08-21T10:15:00-04:00,115.7578,2026-08-21T15:55:00-04:00,116.5717,24.8314,113.4427,122.7033,EOD_FLAT,20.21,0.703,68
AAPL,2026-08-24T10:15:00-04:00,313.1515,2026-08-24T15:55:00-04:00,310.1948,9.1439,306.8885,331.9406,EOD_FLAT,-27.04,-0.944,68
MSFT,2026-08-24T10:00:00-04:00,487.3436,2026-08-24T15:55:00-04:00,487.0963,5.881,477.5967,516.5842,EOD_FLAT,-1.45,-0.051,71
KO,2026-08-24T10:15:00-04:00,92.5112,2026-08-24T15:55:00-04:00,91.924,30.9477,90.661,98.0619,EOD_FLAT,-18.17,-0.635,68
LLY,2026-08-25T11:00:00-04:00,1262.9012,2026-08-25T15:05:00-04:00,1237.0243,2.2583,1237.6431,1338.6752,STOP,-58.44,-2.049,49
MSFT,2026-08-25T13:15:00-04:00,490.8753,2026-08-25T15:55:00-04:00,491.2543,5.7914,481.0578,520.3278,EOD_FLAT,2.19,0.077,32
OKE,2026-08-26T10:15:00-04:00,94.1871,2026-08-26T15:55:00-04:00,94.8526,30.1022,92.3033,99.8383,EOD_FLAT,20.03,0.707,68
MSFT,2026-08-27T10:00:00-04:00,500.4701,2026-08-27T15:55:00-04:00,504.6276,5.6771,490.4607,530.4983,EOD_FLAT,23.6,0.831,71
NVDA,2026-08-27T12:15:00-04:00,227.9839,2026-08-27T15:55:00-04:00,227.936,12.4474,223.4243,241.663,EOD_FLAT,-0.6,-0.021,44
CDNS,2026-08-27T11:00:00-04:00,344.7623,2026-08-27T15:55:00-04:00,347.4462,8.2546,337.867,365.448,EOD_FLAT,22.15,0.778,59
MSFT,2026-08-28T10:45:00-04:00,513.4966,2026-08-28T15:55:00-04:00,513.4131,5.5884,503.2267,544.3064,EOD_FLAT,-0.47,-0.016,62
GOOGL,2026-08-28T10:45:00-04:00,347.3086,2026-08-28T15:55:00-04:00,346.2968,8.2612,340.3624,368.1471,EOD_FLAT,-8.36,-0.291,62
AMZN,2026-08-28T10:00:00-04:00,259.9149,2026-08-28T15:55:00-04:00,266.2468,10.9835,254.7166,275.5098,EOD_FLAT,69.55,2.436,71
AAPL,2026-09-01T10:15:00-04:00,323.7419,2026-09-01T15:55:00-04:00,324.9774,8.8743,317.2671,343.1664,EOD_FLAT,10.96,0.382,68
COP,2026-09-01T11:00:00-04:00,135.3677,2026-09-01T15:55:00-04:00,136.1819,21.2115,132.6603,143.4897,EOD_FLAT,17.27,0.601,59
NVDA,2026-09-02T10:00:00-04:00,222.0276,2026-09-02T15:55:00-04:00,224.2878,12.978,217.587,235.3492,EOD_FLAT,29.33,1.018,71
AAPL,2026-09-03T10:15:00-04:00,328.8644,2026-09-03T15:55:00-04:00,328.0459,8.7886,322.2871,348.5962,EOD_FLAT,-7.19,-0.249,68
MSFT,2026-09-03T11:15:00-04:00,513.4816,2026-09-03T15:55:00-04:00,509.8249,5.6349,503.212,544.2905,EOD_FLAT,-20.6,-0.712,56
KO,2026-09-03T11:30:00-04:00,89.0545,2026-09-03T15:55:00-04:00,88.7956,32.4765,87.2734,94.3978,EOD_FLAT,-8.41,-0.291,53
SLB,2026-09-08T10:00:00-04:00,58.4092,2026-09-08T12:50:00-04:00,57.2124,49.29,57.241,61.9137,STOP,-58.99,-2.049,34
OKE,2026-09-08T10:00:00-04:00,97.1185,2026-09-08T15:55:00-04:00,97.4612,29.6485,95.1762,102.9456,EOD_FLAT,10.16,0.353,71
