symbol,date,ts,px,trend_ok,f3,f6,f12,eod,mfe
AAPL,2026-06-15,2026-06-15 11:45:00-04:00,297.5350036621094,True,-0.0001848275836603408,-0.0015796501753349013,-0.002772824027011511,-0.0037474254143261554,0.0008234161163294118
AAPL,2026-06-16,2026-06-16 12:45:00-04:00,299.5899963378906,True,-0.0012684164606882042,0.0019026246910323064,0.0010347393517242676,-0.001134872132069309,0.002970775591030428
AAPL,2026-06-30,2026-06-30 11:30:00-04:00,288.75,True,0.0019567184117965652,0.0007272431344695907,-0.0010735846185064846,0.0011774764948593308,0.004017328699945866
AAPL,2026-07-01,2026-07-01 10:45:00-04:00,294.8900146484375,True,-6.788812864300109e-05,0.002560189656250156,0.0010512311139572184,-0.002170350356557549,0.005764799094604145
AAPL,2026-07-02,2026-07-02 10:00:00-04:00,303.01031494140625,True,0.0044872405615767885,0.008909520173245422,0.01196228196033422,0.017193098790396988,0.021153400297833302
AAPL,2026-07-06,2026-07-06 10:15:00-04:00,310.8905029296875,True,0.0012210349004539989,0.003617066806972602,0.007685972479351655,0.0061741822629441945,0.01064525691893592
AAPL,2026-07-09,2026-07-09 12:00:00-04:00,315.0249938964844,True,-0.0021109707413894396,0.00025400235344519295,-0.0002063405846064459,0.0036663718805638457,0.0047774142114800355
AAPL,2026-07-15,2026-07-15 10:00:00-04:00,323.260009765625,True,0.00665097392666425,0.003774055509023988,0.0016704139424337239,0.013332912913411876,0.016890401813193012
AAPL,2026-07-16,2026-07-16 13:00:00-04:00,332.32000732421875,True,0.000240691413404992,0.0027232750341568135,-0.002888847952267959,0.002858635256727915,0.007101544594214193
AAPL,2026-07-24,2026-07-24 11:00:00-04:00,330.4100036621094,True,0.002209409455637079,0.005599122553830105,0.010093494198464503,0.00805061478958602,0.011985083415112951
AAPL,2026-07-27,2026-07-27 10:15:00-04:00,337.6300048828125,True,-0.0008293065641309383,-0.0007701026622773943,0.0035837793963191533,-0.002102868361254062,0.005745942047063135
AAPL,2026-08-18,2026-08-18 10:00:00-04:00,309.010009765625,True,0.0015370880260408004,0.006164844888816967,0.004983586222698122,0.0038510158370237413,0.008025566778988802
AAPL,2026-08-19,2026-08-19 10:00:00-04:00,317.19000244140625,True,0.001308391001379583,-0.0013869002341999614,0.005177664662051384,-0.0009773244938607872,0.006588810394622335
AAPL,2026-08-24,2026-08-24 10:15:00-04:00,312.9949951171875,True,0.000575065667468122,0.0006230365573280938,-0.003817975823451558,-0.008450579258245217,0.0011661216315561607
AAPL,2026-08-28,2026-08-28 11:00:00-04:00,321.2149963378906,True,-0.00021794537931574265,0.002973139799610003,0.0015565898407621237,-0.004903200994378132,0.003595718731892239
AAPL,2026-09-01,2026-09-01 10:15:00-04:00,323.5801086425781,True,0.006350517439613901,0.004975255758401298,0.0045734854414376525,0.004820772242160265,0.011496006865179487
AAPL,2026-09-03,2026-09-03 10:15:00-04:00,328.70001220703125,True,0.002190450848689407,0.0004870557009377663,0.004137466690162128,-0.001490784100258824,0.0064191824557449095
MSFT,2026-08-04,2026-08-04 10:00:00-04:00,491.8500061035156,True,0.007359957450982835,0.008864461314340044,0.012239481425166288,0.001972148436852894,0.015431340227652468
MSFT,2026-08-10,2026-08-10 10:15:00-04:00,510.260009765625,True,0.004578414133802333,0.00031357280415300615,-0.004546715948373858,-0.008407495125656417,0.006792622097821832
MSFT,2026-08-19,2026-08-19 10:15:00-04:00,484.3550109863281,True,-0.0048522667738619685,-0.003334373992878392,0.0005884189399196771,0.000258075166282401,0.010188802524297769
MSFT,2026-08-21,2026-08-21 11:00:00-04:00,485.8699951171875,True,-0.003601786522293704,-0.0040648859229087675,-0.0033753558510313253,-0.00518654998044088,0.0010084801269871768
MSFT,2026-08-24,2026-08-24 10:00:00-04:00,487.1000061035156,True,-0.002607307565872019,-0.0007801372984005406,-0.0006261397494551346,0.000492691914119936,0.007195657645029163
MSFT,2026-08-25,2026-08-25 13:15:00-04:00,490.6300048828125,True,-0.002456060733854959,-0.0018445646827348616,-0.002333773963790642,0.0017732203667308877,0.003678928434498019
MSFT,2026-08-27,2026-08-27 10:00:00-04:00,500.2200012207031,True,0.007266822111779536,0.006527096323401205,0.00593738997532145,0.00931590830182194,0.01249450238844485
MSFT,2026-08-28,2026-08-28 10:45:00-04:00,513.239990234375,True,0.0049295248714342765,0.0030590120686071476,0.003117521338045215,0.0008378004129898642,0.008845840442843755
MSFT,2026-09-03,2026-09-03 11:15:00-04:00,513.2249755859375,True,-0.0011006486394175008,-0.0007491070534512145,0.00028256522606762147,-0.006127895490825042,0.004705614842190453
NVDA,2026-06-15,2026-06-15 11:45:00-04:00,212.39999389648438,True,0.0007533129317667253,-0.0008238596892523598,-0.0013182617106539674,0.00028254622931900286,0.0014628035396369032
NVDA,2026-06-18,2026-06-18 12:30:00-04:00,210.4600067138672,True,0.0004751061557386471,-0.0008078182187151173,-0.000261370012427542,-0.0010928964125751506,0.004418857008997579
NVDA,2026-07-07,2026-07-07 12:30:00-04:00,197.68499755859375,True,-0.0016945719665896197,0.0024002962760789615,0.0005058861560092165,-0.0038192320719163675,0.003667481662591676
NVDA,2026-07-08,2026-07-08 12:45:00-04:00,200.1999969482422,True,0.0006743744639512439,0.00699305283024243,0.00969032203286102,0.01973025478748336,0.024725259858629833
NVDA,2026-07-10,2026-07-10 12:15:00-04:00,209.88980102539062,True,0.0017875969314602447,-0.0005469876494492709,-0.0002849075755172459,0.005051202667647914,0.0052894374532999056
NVDA,2026-07-14,2026-07-14 13:00:00-04:00,211.1300048828125,True,0.00037892212951495807,-0.0021792178087474134,0.001397234699582528,0.003173391528680236,0.0066782947506818235
NVDA,2026-07-22,2026-07-22 11:00:00-04:00,209.7899932861328,True,0.01394543828089101,0.01239337521675532,0.017946515611511282,0.010819928463559503,0.021926718388525224
NVDA,2026-07-24,2026-07-24 12:00:00-04:00,210.889404296875,True,-0.0004950492183981581,-0.0013243760440748709,-0.0038854345261593037,-0.018632503591675453,0.004838993960428528
NVDA,2026-08-03,2026-08-03 11:00:00-04:00,207.0800018310547,True,-0.000386332964783076,-0.00019320332513095284,-0.0012072628828927456,-0.0018833271498935877,0.008016243226922848
NVDA,2026-08-07,2026-08-07 11:30:00-04:00,224.69000244140625,True,-0.0007343831195377737,-0.0054737823732295965,-0.009836210968834247,-0.003159939054486194,0.00031150502767895993
NVDA,2026-08-27,2026-08-27 12:15:00-04:00,227.8699951171875,True,0.004301147847738607,0.0048712012732554655,0.008623388944512644,0.000789958917047251,0.011410041511514146
NVDA,2026-09-02,2026-09-02 10:00:00-04:00,221.91659545898438,True,0.004758130868676602,0.006481715644472974,0.015922204835333575,0.01119068374478105,0.027187698498974733
LRCX,2026-06-29,2026-06-29 10:30:00-04:00,397.5,True,-0.00584908731328615,0.018840976931014053,0.027559714647209077,0.0331069274518474,0.0439748704058569
LRCX,2026-08-04,2026-08-04 11:45:00-04:00,314.3999938964844,True,-0.0009541596653704909,0.0013676612090609552,0.0021310860074474913,0.010305409716451441,0.01850351461752231
LRCX,2026-08-13,2026-08-13 10:00:00-04:00,330.2049865722656,True,0.0035281373458813103,0.017171192617630116,0.014445631426605043,0.021214109924652558,0.045168937936852505
CDNS,2026-06-17,2026-06-17 12:30:00-04:00,399.67498779296875,True,0.006317694354620151,0.003152585986385681,0.0033777597917008517,-0.024582428196738837,0.009270074943401152
CDNS,2026-07-09,2026-07-09 10:00:00-04:00,381.5,True,-0.009646114484354484,-0.0066972285079456295,-0.0024377265420216787,0.011376137189752722,0.012477089818152098
CDNS,2026-07-21,2026-07-21 13:00:00-04:00,344.0899963378906,True,0.0006974635616530112,0.004562781077416256,0.003240402935980935,0.0015402911591082535,0.008834922773914844
CDNS,2026-08-27,2026-08-27 11:00:00-04:00,344.5899963378906,True,-0.001117298150604129,-0.006892248832642167,-0.006036120010361801,0.008793054968217362,0.00908327263146469
GOOGL,2026-06-16,2026-06-16 11:00:00-04:00,375.1099853515625,True,-0.0015728622562197758,-0.0009596794690098776,-0.00881072966555052,-0.00487853334682764,0.0019728100579874397
GOOGL,2026-06-26,2026-06-26 12:00:00-04:00,346.0950927734375,True,-0.005331172882723667,-0.007382607502580907,-0.011788893313407711,-0.0288795966155605,0.0007653751343374982
GOOGL,2026-06-29,2026-06-29 13:30:00-04:00,353.1000061035156,True,-0.00021243898537137706,-0.00016991661726606377,-0.000538357379934129,0.0010478479490001469,0.0035400735723396526
GOOGL,2026-06-30,2026-06-30 11:15:00-04:00,356.44000244140625,True,-0.0007574599142144978,2.80826101348719e-05,0.003015969587218059,0.0017954890766351816,0.006116015769412897
GOOGL,2026-07-06,2026-07-06 12:15:00-04:00,364.7300109863281,True,-0.001110407060284535,-0.001494292795540808,-0.001028157784400352,0.004633571108766166,0.008773562890532327
GOOGL,2026-07-14,2026-07-14 13:30:00-04:00,358.8900146484375,True,-0.0013374877169495258,-0.0027027813009879997,-0.003642143422492361,0.0018389286901105972,0.0035386579783109884
GOOGL,2026-07-15,2026-07-15 10:00:00-04:00,365.18499755859375,True,0.004066475564627581,0.006613360663231482,0.009789592209240805,0.0157044125785053,0.023180022165429692
GOOGL,2026-07-29,2026-07-29 13:15:00-04:00,337.7850036621094,True,-0.0031677170763007023,-0.0035674084899551817,0.006394610887670016,-0.0033008873167452712,0.013958572129528557
GOOGL,2026-07-31,2026-07-31 10:00:00-04:00,346.7550048828125,True,-0.002624341824329024,0.0005911567803755791,0.015933158183591756,0.027613103068805156,0.03401532131927687
GOOGL,2026-08-04,2026-08-04 13:15:00-04:00,378.2300109863281,True,-0.0010311573304837562,0.0007931358809589728,0.003304867312724058,-0.0011633197488978286,0.006054458823539832
GOOGL,2026-08-13,2026-08-13 10:15:00-04:00,347.4599914550781,True,-0.0009497109894112121,-0.005266754784060468,-0.005209225819104879,-0.003021895524062068,0.0013526772355425543
GOOGL,2026-08-19,2026-08-19 12:15:00-04:00,346.4800109863281,True,-0.0016451376880187718,-0.005512594093587508,-0.005869049400548221,-0.004906523184964762,0.0007215423460888992
GOOGL,2026-08-24,2026-08-24 10:45:00-04:00,350.2900085449219,True,-0.0028262888686594323,-0.0003140708169142581,0.002626346420720793,-0.006366184966540733,0.003739751424927551
GOOGL,2026-08-28,2026-08-28 10:45:00-04:00,347.135009765625,True,0.005084431363033826,-0.00011498981970858857,0.002174960351369437,-0.001915705780787924,0.005775864797290975
AMZN,2026-07-01,2026-07-01 13:15:00-04:00,244.27999877929688,True,-0.001248537241302361,-0.0010848182044075338,-0.0012690255450419352,-0.010684463007180733,0.0025380510900838704
AMZN,2026-07-15,2026-07-15 10:00:00-04:00,253.4550018310547,True,0.005306666710013008,0.005444772732212222,0.0010455480765183545,0.005622311816547487,0.011935093540942576
AMZN,2026-07-20,2026-07-20 11:00:00-04:00,250.89999389648438,True,0.0010358826641054808,0.0023316330334728352,0.005739348252038479,-0.003208420467771589,0.007931468878333625
AMZN,2026-07-31,2026-07-31 10:30:00-04:00,271.6549987792969,True,-0.002374294662605858,-0.005650562916224788,-0.01713570079775628,-0.00016570071574850687,0.00579783995917138
AMZN,2026-08-10,2026-08-10 11:00:00-04:00,278.6549987792969,True,0.0019199499899626993,0.00043062251785608296,0.004485833756709523,-0.0020635273350566585,0.005329227452032237
AMZN,2026-08-19,2026-08-19 10:45:00-04:00,263.5,True,0.003662225191235713,-0.0008159253809890687,0.004022761133183117,0.009070264320445887,0.011005669436373378
AMZN,2026-08-28,2026-08-28 10:00:00-04:00,259.7850036621094,True,0.002752261784982002,0.00344511423313687,0.025309319617251358,0.025386381537561453,0.029928570883163585
TJX,2026-07-27,2026-07-27 13:15:00-04:00,156.8925018310547,True,0.002916036567213398,0.0025335274180671163,0.0014499946363133454,-0.0032028454868248124,0.004636890084882328
TJX,2026-07-28,2026-07-28 10:15:00-04:00,160.99000549316406,True,0.002360330523993648,-0.001801407137253519,-0.005031447852315352,-0.000993873263245293,0.0028572671556164053
TJX,2026-07-29,2026-07-29 11:15:00-04:00,162.00999450683594,True,0.0015123164266648281,0.0010493066768058057,0.0035492390996099132,-0.0022220888991905108,0.00635762492574754
COST,2026-06-16,2026-06-16 11:45:00-04:00,994.2999267578125,True,-0.006594596519098994,-0.007060140780486446,-0.007814440343240636,-0.00773402592045358,0.0010862699432372391
LLY,2026-06-25,2026-06-25 10:45:00-04:00,1140.5899658203125,True,0.00033316519888826335,0.000675106352260535,-0.000675106352260646,-0.009898313443488682,0.0042434950645422465
LLY,2026-06-26,2026-06-26 11:45:00-04:00,1205.9100341796875,True,-0.0010573130481742465,-0.0031262858956261352,-0.0024338951584780277,0.000456026355387662,0.008168084937312914
LLY,2026-07-02,2026-07-02 10:15:00-04:00,1220.989990234375,True,0.007686393697481142,0.0067118227216604875,-0.003120366713822209,-0.008607777172364495,0.009017280938979244
LLY,2026-07-16,2026-07-16 10:00:00-04:00,1171.9100341796875,True,0.0038824880964496433,0.0022830567461160634,0.007005623894368984,-0.0018858811200123116,0.014642687244662556
LLY,2026-07-23,2026-07-23 10:30:00-04:00,1179.0400390625,True,0.0027352553595225704,0.0037954398813255796,0.005313657247313808,0.005114251447607465,0.008947895243829995
LLY,2026-07-24,2026-07-24 10:15:00-04:00,1204.605224609375,True,-0.0019219454636068,-0.0069111399672034945,-0.0030511365582482908,-0.007110367257167183,0.0019381592817115934
LLY,2026-08-10,2026-08-10 11:00:00-04:00,1216.4300537109375,True,-0.0009084801347115645,-0.002096237880701346,-0.0037158071830442063,0.012454396615352081,0.012561270728183915
LLY,2026-08-18,2026-08-18 11:30:00-04:00,1218.4000244140625,True,0.005302003289606505,-0.0011901454474156914,0.0013131775721253458,0.006779390676389108,0.008264893374329452
LLY,2026-08-25,2026-08-25 11:00:00-04:00,1262.27001953125,True,-0.00021391582392982222,-0.0010061393454640077,-0.004333439453118149,-0.022736873092213172,0.001948838916742579
VRTX,2026-06-15,2026-06-15 10:45:00-04:00,451.07000732421875,True,-0.0024940696160969944,-0.002992897070510092,-0.0021837316894195435,-0.0013301839931121329,0.005786209034480239
VRTX,2026-06-17,2026-06-17 11:15:00-04:00,460.9501037597656,True,0.0013882035667325265,0.002863401576744584,0.0025162844792445682,-0.004143822073721104,0.007289061812597364
VRTX,2026-06-24,2026-06-24 12:45:00-04:00,479.0,True,0.0034238301637525836,0.00035493408712805596,-0.003956135727916199,-0.007954065884329342,0.003872674292960676
VRTX,2026-06-25,2026-06-25 10:00:00-04:00,481.9399108886719,True,0.007916119640529073,0.004834789716218868,0.006619277470210516,-0.004128935240020559,0.009430790769143327
VRTX,2026-06-26,2026-06-26 10:30:00-04:00,498.7950134277344,True,0.005954352270471253,0.0024558697520238315,0.005523259637866262,-0.015948469563030754,0.010214619399841585
VRTX,2026-07-02,2026-07-02 10:00:00-04:00,514.0,True,0.00683854989968391,0.011361919952273869,0.015914382637706614,0.027110890191816672,0.029455281417193557
VRTX,2026-07-16,2026-07-16 13:30:00-04:00,484.6700134277344,True,0.0021354181522632576,0.0036107040904458376,0.0007737223050956477,0.00313613174234173,0.0054263195418968735
VRTX,2026-07-28,2026-07-28 10:15:00-04:00,490.0249938964844,True,0.003152927803639294,-0.0038161219131254143,-0.007213925220426853,0.0008469130148278659,0.007315935921087702
VRTX,2026-08-17,2026-08-17 12:30:00-04:00,515.0,True,-0.0002621548847087096,-0.0011165285573422334,0.0015242196981188894,0.001106810338288744,0.005359242263349495
VRTX,2026-08-18,2026-08-18 11:45:00-04:00,529.9199829101562,True,0.0028117268312706223,0.004604473354649752,0.003377942180382787,-0.0036609346768777806,0.007284206127726289
VRTX,2026-08-19,2026-08-19 10:15:00-04:00,544.25,True,0.0002204779369545662,-9.184711615750629e-05,0.00286632532584985,0.014515433007004974,0.017344974628215493
VRTX,2026-08-21,2026-08-21 10:15:00-04:00,553.375,True,-0.0053038130717755205,-0.0053038130717755205,-0.00267446210752198,-0.009514370270499173,0.00349672023238079
TMO,2026-07-16,2026-07-16 10:00:00-04:00,542.4149780273438,True,0.0016131560437033787,-0.0020094685148195346,-0.004396907952546436,0.0015763604224496852,0.0037518030698351357
TMO,2026-08-07,2026-08-07 10:00:00-04:00,583.6599731445312,True,0.0014220901347268278,0.003238211862045093,0.00040271116323498113,0.017493099479905405,0.018161321846322354
TMO,2026-08-19,2026-08-19 10:30:00-04:00,619.2224731445312,True,-0.0033065423823605,-0.008983039604090193,-0.006721903186891365,-0.008886147838697567,0.0020227018490557302
TMO,2026-08-20,2026-08-20 10:45:00-04:00,623.0650024414062,True,0.012205757728247946,0.013626170947024674,0.015014453439197606,0.00747107965216931,0.018673829728895974
EOG,2026-06-17,2026-06-17 10:30:00-04:00,132.4600067138672,True,0.006869910593361395,0.003510465909118299,0.007851375761888324,0.005964013634993437,0.011324172761369544
EOG,2026-07-08,2026-07-08 11:30:00-04:00,139.14999389648438,True,-0.0007185831772363871,-0.0014372760116034833,-0.009414283981703075,-0.011210906410490051,0.0005031069154830536
EOG,2026-07-13,2026-07-13 13:45:00-04:00,139.63499450683594,True,-7.157594606732598e-05,0.00032225567168353564,0.0044402220100077106,-0.00010741855722784521,0.005371146413897687
EOG,2026-07-31,2026-07-31 14:00:00-04:00,147.18499755859375,True,0.002547814017870298,0.00261582207433686,0.0036349062131579846,0.010225260099714806,0.010225260099714806
EOG,2026-08-10,2026-08-10 12:45:00-04:00,140.99000549316406,True,0.003475354388852381,0.004326552142599471,0.004964869288384577,0.00872399233716381,0.011490141528266218
EOG,2026-08-17,2026-08-17 14:00:00-04:00,145.1999969482422,True,0.0006198095026317407,3.446889061775593e-05,0.0017217631215868945,0.0066116166256491304,0.0070248229607368096
SLB,2026-06-25,2026-06-25 11:30:00-04:00,47.46500015258789,True,-0.002738882707201351,-0.0053724021341087225,-0.003054892179448654,-0.0007373822247886963,0.0003160094722474138
SLB,2026-07-07,2026-07-07 10:45:00-04:00,46.415000915527344,True,0.0018312847742338878,-0.0002154936126936846,-0.005386189703087241,0.0,0.007863790941937232
SLB,2026-08-04,2026-08-04 10:00:00-04:00,49.88999938964844,True,0.009671316687622333,0.005011024314661938,0.009921806733625083,0.01864101656751571,0.020645395708515313
SLB,2026-08-06,2026-08-06 10:15:00-04:00,51.29999923706055,True,0.005653039373104685,0.009941562257607783,0.01822614789856658,0.005068267838153062,0.022027311596895416
SLB,2026-08-10,2026-08-10 10:30:00-04:00,52.0,True,9.617438683151569e-05,-0.0005768996018630235,0.006153840285081147,0.02307693774883557,0.023653837350698703
SLB,2026-08-11,2026-08-11 10:15:00-04:00,53.88999938964844,True,-0.0011133338146831484,-0.005102945153019678,-0.009463691358496562,-0.0037112778846657424,0.0018556743357018846
SLB,2026-08-14,2026-08-14 10:00:00-04:00,53.56999969482422,True,-0.0005599921498556926,0.0016800476591487534,-0.0021466840475014015,0.0036400913932255197,0.007746890384385141
SLB,2026-08-27,2026-08-27 13:15:00-04:00,54.89500045776367,True,0.0030057548802517875,0.007924243914082973,0.015575180528401011,0.0021859719625485496,0.018034390299918712
SLB,2026-08-28,2026-08-28 11:15:00-04:00,56.06999969482422,True,-0.003477790188791796,-0.0016051391667155634,0.0016943324633529322,0.022382755037380297,0.024077019466181904
SLB,2026-09-08,2026-09-08 10:00:00-04:00,58.380001068115234,True,-0.001456027708371277,-0.0013703636449294843,-0.00556698795808952,-0.021925360921125847,0.0015416264292780202
PSX,2026-06-25,2026-06-25 10:00:00-04:00,171.6199951171875,True,0.004195322463512952,0.004195322463512952,-0.002097661231756476,0.0011071113320828552,0.00821584723357316
PSX,2026-07-07,2026-07-07 11:00:00-04:00,180.44000244140625,True,-0.0030481215047445387,-0.00953226112519956,-0.01471402540109712,-0.008479266008620812,0.0024938868441233275
PSX,2026-07-08,2026-07-08 10:15:00-04:00,185.63999938964844,True,0.00430943252740823,0.008349510110180702,0.010413194759242073,0.011581522859045235,0.022802207083073345
PSX,2026-07-16,2026-07-16 10:00:00-04:00,201.30499267578125,True,0.002608028486004832,0.005340216319237756,0.004147968228547905,-2.4786389831277233e-05,0.0070291775981972116
PSX,2026-08-10,2026-08-10 12:45:00-04:00,213.30999755859375,True,0.0022736890717853786,0.0014064181481949767,0.001722881903223339,0.01040739414988412,0.01190759258353169
PSX,2026-08-11,2026-08-11 10:30:00-04:00,220.74000549316406,True,0.0017441084409497432,0.004371642266360665,0.007067126573221172,0.016535262325149347,0.017848994675046415
PSX,2026-08-13,2026-08-13 14:00:00-04:00,230.3300018310547,True,0.0006946713881708089,0.0022576488878003342,0.002344433125689438,0.009768592810806886,0.011114477220694363
PSX,2026-08-17,2026-08-17 12:00:00-04:00,239.5050048828125,True,-0.0011899695467693094,-0.0003966565155897328,0.0020250124233891498,0.004488411207808296,0.004864170945834134
CAT,2026-06-22,2026-06-22 12:15:00-04:00,1019.719970703125,True,0.0010002937674611356,0.001882912956964633,0.0013042964029885695,0.00190248548341021,0.0035009683312929862
CAT,2026-06-29,2026-06-29 14:00:00-04:00,1034.780029296875,True,0.0034402833671387523,-5.3203298651660624e-05,-0.001217541564044855,-0.00186518260528179,0.004145728435735796
CAT,2026-06-30,2026-06-30 10:00:00-04:00,1058.6600341796875,True,-0.0015680521849242846,0.005705247007711689,0.009332556782941204,0.005610811038930574,0.013979867266152413
CAT,2026-07-21,2026-07-21 12:45:00-04:00,895.3350219726562,True,-0.0004635572744441374,-0.002998874714716271,-0.0026079868600600298,-0.006170901705474963,0.0029765148932430208
CAT,2026-07-23,2026-07-23 10:15:00-04:00,907.469970703125,True,-0.0038237857065798186,-0.0022259232385714034,-0.004639228925931382,-0.015460531714176828,0.0023471904873746396
CAT,2026-08-17,2026-08-17 10:45:00-04:00,876.6400146484375,True,6.844036045716706e-05,0.002281438180530726,0.003616060021430334,0.00575490831567782,0.012854742819506049
CAT,2026-08-21,2026-08-21 13:45:00-04:00,830.4849853515625,True,0.0009452719718407998,-0.0009331455626234719,0.000656295965521636,-0.003112592019235305,0.0018242529066267998
HON,2026-06-15,2026-06-15 10:30:00-04:00,240.84425354003906,True,0.0005007612470602218,0.0012845945148522997,-0.001328119689033902,-0.009253376004476399,0.007424495068382386
HON,2026-06-17,2026-06-17 11:30:00-04:00,245.3592071533203,True,0.0003419183785233759,0.0003419183785233759,0.0007693474464736116,-0.02244067905810876,0.003205811294015648
HON,2026-06-25,2026-06-25 10:00:00-04:00,247.17356872558594,True,0.001315347026103808,0.0020791088605693897,-0.005261388104415565,-0.018414796632361008,0.007170730957485771
HON,2026-07-21,2026-07-21 10:45:00-04:00,230.67999267578125,True,-0.005332043378672213,-0.0007802699908796562,0.0019508072711955649,-0.003814763533741994,0.009363636772545147
HON,2026-07-22,2026-07-22 10:00:00-04:00,237.8300018310547,True,-0.0027246141787338196,-0.0073581969748423015,-0.015998855927660705,-0.02110753157218137,0.0011705697527726322
HON,2026-07-23,2026-07-23 10:00:00-04:00,249.64500427246094,True,-0.006088662887089091,-0.006849753388218804,-0.00789121026653139,-0.013999921152686556,0.002503555005322289
HON,2026-07-31,2026-07-31 13:30:00-04:00,245.00999450683594,True,-0.0002448780047300536,0.000816343053408275,-0.0001228126717517375,-0.007999638786259533,0.004040673912738768
HON,2026-08-03,2026-08-03 10:00:00-04:00,248.41000366210938,True,0.0041262182737156206,0.00014091083931133674,-0.004709947875274567,-0.006521518264538617,0.00495147421362363
ETN,2026-06-22,2026-06-22 12:15:00-04:00,432.8900146484375,True,-0.0013283101655700014,0.0007969015025794945,0.0017902789860231305,0.006468127464761997,0.008893657639722052
ETN,2026-06-30,2026-06-30 10:00:00-04:00,419.5400085449219,True,-0.0031403557610202304,0.0044214626280425495,0.0063283565934633135,0.01537393706937129,0.01999805491723694
ETN,2026-08-03,2026-08-03 10:30:00-04:00,431.67999267578125,True,0.0023455157158318585,0.0030578376265173457,-0.0032663169153831495,0.015196436410989111,0.0164010776732042
ETN,2026-08-05,2026-08-05 10:15:00-04:00,452.2200012207031,True,-0.0025817323054632135,-0.00210077441171741,-0.005141329885354984,-0.01090175724751985,0.0028302755807074753
ETN,2026-08-06,2026-08-06 10:15:00-04:00,457.25,True,-0.0038053367618917644,-0.008879163605453821,-0.010267921977515027,-0.019857816451100296,0.0011591006654934066
ETN,2026-08-11,2026-08-11 10:00:00-04:00,458.4549865722656,True,0.00784155767959227,0.007427116901388864,0.004886021130888096,0.002083120737728539,0.011549690990000139
PWR,2026-06-29,2026-06-29 13:00:00-04:00,711.9099731445312,True,0.0025635435320143785,0.001840116879957998,0.001980635519768459,0.0039050292898630268,0.0069251083661059365
PWR,2026-08-04,2026-08-04 12:15:00-04:00,699.844970703125,True,0.0018789910572409863,0.0033936087268211512,0.00377577344312785,-0.01020934463373413,0.011738352348542591
PWR,2026-08-17,2026-08-17 10:45:00-04:00,707.3800048828125,True,0.00033926635290559837,-0.00016963317645279918,0.0027566685424678106,0.021360492588514246,0.024626060660340787
PWR,2026-09-08,2026-09-08 10:30:00-04:00,638.969970703125,True,-0.002676120969532181,0.0012050950225448442,0.003443060406438825,0.00017222466119592994,0.015352925870608658
VMC,2026-06-17,2026-06-17 11:30:00-04:00,304.3999938964844,True,0.001971110760664585,-0.00013143411867311272,-0.005814681501845831,-0.03137315369400551,0.002890949081660432
VMC,2026-06-18,2026-06-18 11:00:00-04:00,306.3599853515625,True,-0.002186913899305143,-0.0029866107556238974,-0.0032967074563862164,-0.011375458670176197,0.0016158299335260473
VMC,2026-06-24,2026-06-24 10:45:00-04:00,308.45001220703125,True,6.480471026359957e-05,0.0007696425055578882,0.00035657431418312235,-0.003760750903555765,0.004757655118236448
VMC,2026-06-25,2026-06-25 10:00:00-04:00,320.45001220703125,True,-0.006085230559365384,-0.007458307247288798,-0.007271078174708956,-0.023279830514834288,0.002215607514533202
VMC,2026-07-02,2026-07-02 11:30:00-04:00,302.7749938964844,True,0.0008587557455748129,0.0020312798756538797,-0.0020311790827258758,0.001568841922520381,0.0031542138852136414
NUE,2026-06-25,2026-06-25 10:15:00-04:00,246.4499969482422,True,0.005680702668328541,0.0029620439706978807,0.0037330013403835682,0.009981768084110776,0.012964119958539744
NUE,2026-07-24,2026-07-24 11:15:00-04:00,245.43499755859375,True,0.002057591166035433,0.0022613235279855814,0.005011492817952323,0.008821107692292385,0.014606746183422059
NUE,2026-08-04,2026-08-04 10:00:00-04:00,266.010009765625,True,-0.0065411852489544176,-0.01405969931450457,0.004266678720274086,0.030111570820602784,0.03159655077153789
NUE,2026-08-21,2026-08-21 10:00:00-04:00,251.84500122070312,True,-0.01000617149534977,-0.011098088726787636,-0.014373901009117618,-0.032936918059676024,0.002084591292023763
NUE,2026-08-26,2026-08-26 10:30:00-04:00,252.39639282226562,True,-0.0016497743492704942,0.00033123652972455453,0.0021537931388877496,0.0015594536017966565,0.0071459187899196586
NUE,2026-09-02,2026-09-02 10:00:00-04:00,261.57000732421875,True,0.0009404831990569296,0.005161165522476363,-0.0014719186253941974,0.009175340556188294,0.012883371449678771
FAST,2026-06-22,2026-06-22 10:45:00-04:00,46.349998474121094,True,0.003775686246365817,0.009493041119557288,0.00787490162854243,-0.005393743435387233,0.011326894135110566
FAST,2026-06-24,2026-06-24 10:45:00-04:00,46.584999084472656,True,0.001931955658616591,0.0035419323552663418,-0.00010727172944469121,-0.006976511094271554,0.005044555435655074
FAST,2026-06-25,2026-06-25 10:00:00-04:00,47.709999084472656,True,-0.0037728004324016906,-0.0030265717536493986,-0.007231134198829592,-0.016558393013770822,0.002096044660183205
FAST,2026-06-30,2026-06-30 10:45:00-04:00,47.90999984741211,True,0.0019829100606489902,0.00448758407999672,0.00020868965904918824,0.00250467401934773,0.007931560620444422
FAST,2026-07-14,2026-07-14 10:00:00-04:00,48.880001068115234,True,-0.015139150210647268,-0.02352703561271119,-0.0691489565109693,-0.06423893864635533,0.0025572830865083773
FAST,2026-08-04,2026-08-04 12:00:00-04:00,48.79999923706055,True,0.0017417845451133118,0.0035860499958295655,0.003995895448213993,0.018750019053944023,0.019774593599891643
FAST,2026-08-05,2026-08-05 10:00:00-04:00,50.29999923706055,True,0.002882712921729702,0.001391644053398755,-0.0035785349484291906,-0.0060636244493431635,0.004970179001827946
FAST,2026-08-07,2026-08-07 13:15:00-04:00,51.665000915527344,True,0.0016451966121442396,0.002129112714648329,-0.00019359597509394089,0.0031936690719722716,0.004548545556706474
FAST,2026-08-19,2026-08-19 10:30:00-04:00,52.02000045776367,True,-0.0008650900278079909,-0.0019223815443745185,-0.006343749099399276,-0.010861180733124365,0.0005766777976334847
FAST,2026-08-21,2026-08-21 10:45:00-04:00,51.43000030517578,True,-0.001749954346759619,-0.0040832020849029815,-0.00048612727455865645,-0.0033055022872606754,0.0005832933913838545
FAST,2026-08-24,2026-08-24 10:15:00-04:00,52.130001068115234,True,-0.004316176562597085,-0.005754828906842979,-0.00968734045210129,-0.01630543394211159,0.00038366501733877456
FAST,2026-09-03,2026-09-03 11:30:00-04:00,48.79499816894531,True,0.0007173616850681963,-0.0008196967380056375,0.0030741168461478896,0.009119859129428143,0.010042047276449084
BLK,2026-07-28,2026-07-28 11:15:00-04:00,1087.1199951171875,True,0.007340478056325095,0.007883164993335079,0.006687412211994426,0.010118478226328831,0.01504892323298579
BLK,2026-08-11,2026-08-11 10:00:00-04:00,1152.800048828125,True,-0.0008717946220024864,-0.0036260006366123365,-0.0053002317514526665,-0.0036520496439016448,0.0
ICE,2026-08-19,2026-08-19 10:15:00-04:00,159.0500030517578,True,-0.0008173837178122589,-0.0016976062073578158,-0.004275434904261077,-0.011380053592358275,0.003709502210437643
ICE,2026-08-20,2026-08-20 11:30:00-04:00,159.98500061035156,True,0.0006250967474081826,0.0021564597892735904,-0.004437958003303266,-0.008094497384159904,0.00325033140905151
ICE,2026-09-03,2026-09-03 12:30:00-04:00,162.22999572753906,True,-3.075648249306617e-05,0.004777224777685607,0.00591756604296223,0.014608952958101051,0.014978783200188417
ECL,2026-07-07,2026-07-07 10:45:00-04:00,288.1000061035156,True,-0.006994149967888275,-0.009215545723879393,-0.011036961012814928,-0.017216214335295743,0.0006941398306714586
ECL,2026-08-04,2026-08-04 12:45:00-04:00,282.1600036621094,True,-0.000779703777458729,-0.0008505466092295633,-0.0028707029631447334,0.003437770088296155,0.005564244768365034
ECL,2026-08-20,2026-08-20 11:15:00-04:00,286.42498779296875,True,-0.0032643714705141713,-0.005010029221441337,-0.006371586862987777,-0.01698521582164292,0.0006110441407205514
ECL,2026-08-25,2026-08-25 10:15:00-04:00,288.92999267578125,True,-0.0029245881082734515,-0.003426401756379427,-0.003426401756379427,0.002128615123190958,0.004672433245898722
