support,stop,target_r,trades,wins,win_rate,ci_lo,ci_hi,net,net_pct,open_n,open_pnl,pf,dd_d,dd_p,sharpe,sortino,avg_hold,gapped,signals,skip_conc,skip_size
vwap,2.0x ATR,2.0,11,7,0.6363636363636364,0.35379677689163724,0.8483377638586862,1008.0764251541045,0.10080764251541045,5,231.54854896754088,3.6157294001600593,375.1092614738227,0.03635132008311758,2.8769897109763596,8.015170220063286,28.09090909090909,2,1677,1661,0
vwap,2.0x ATR,2.5,6,4,0.6666666666666666,0.29998832134152864,0.9032306674407831,781.2451731016329,0.07812451731016329,5,472.88211227374603,5.307479451809144,356.12530010070986,0.03095593971852552,2.9276558116991263,7.7918362579783835,27.833333333333332,0,1643,1632,0
vwap,2.0x ATR,3.0,8,4,0.5,0.21521252682444186,0.7847874731755582,752.982614815312,0.0752982614815312,5,232.99241115071302,2.8611578248296388,347.2545249866689,0.03107219722839787,2.5642835410756546,6.525423612378551,28.375,2,1633,1620,0
ema20,2.0x ATR,2.5,14,6,0.42857142857142855,0.21380509930400526,0.6740973309713064,542.5442206398623,0.05425442206398622,5,436.3119939298721,1.5911474342820502,593.9161126212239,0.05635193120075486,2.4600937388048667,5.725508852098005,17.142857142857142,3,2332,2313,0
ema20,2.0x ATR,2.0,18,8,0.4444444444444444,0.24559231101389126,0.6628393057174837,535.0280919454342,0.05350280919454342,5,172.5860079498221,1.502879686845756,616.8641889513528,0.0588046949928383,1.9475330270753708,5.3888058330278765,20.055555555555557,3,2325,2302,0
vwap,2.0x ATR,3.5,4,2,0.5,0.15003570882017148,0.8499642911798285,531.2976099400187,0.053129760994001865,5,614.7178282471843,3.9293666270296685,273.76498748626545,0.026038748220261875,3.019485819490149,6.76654037754566,24.5,1,1641,1632,0
ema20,2.5% fixed,3.5,42,12,0.2857142857142857,0.1716685874457567,0.43567496077245566,517.7260409114547,0.051772604091145466,5,-16.48804321399129,1.3279912889674328,428.15877208237544,0.04188162893873448,1.7714065744608705,3.744277289199773,7.595238095238095,4,2437,219,2171
ema20,2.5% fixed,2.5,72,23,0.3194444444444444,0.22325457048556474,0.43392565777966174,493.65494395496194,0.049365494395496194,4,206.5216523917081,1.18379752927952,466.0627295842314,0.044805510714812244,2.2664737320907036,6.210822930981096,4.347222222222222,14,2405,435,1894
vwap,2.0% fixed,3.0,78,22,0.28205128205128205,0.1942519701528857,0.39031138149224337,355.6386088336683,0.03556386088336683,4,60.263058221386,1.1470829349740514,557.6532695814276,0.05573289129323779,1.219924820875953,2.11163251371783,4.038461538461538,15,1652,469,1101
vwap,3.0% fixed,2.0,48,19,0.3958333333333333,0.2702062649595057,0.5368984540306487,349.131079331941,0.034913107933194104,4,165.26132744728625,1.1679696783304157,607.7824449355212,0.05745186572105302,1.6238911201812132,3.421873786385249,6.666666666666667,7,1690,446,1192
ema20,1.5x ATR,2.0,27,10,0.37037037037037035,0.21532287067936856,0.5577109537655369,287.69678199394934,0.028769678199394935,5,207.96112572446384,1.182031950530371,407.1625797908,0.038837386107609666,1.345587535946354,3.208257749766822,13.0,2,2381,2329,20
vwap,1.0x ATR,2.0,61,23,0.3770491803278688,0.2661433042836724,0.5025237242905762,287.1088210696453,0.028710882106964528,4,141.508809024002,1.1121385167603897,594.4866573430318,0.059415227787422295,1.0688390059310025,1.4967938635113869,5.524590163934426,13,1609,738,806
ema20,3.0% fixed,2.0,54,19,0.35185185185185186,0.23822831722420018,0.4851541618220226,280.61923980422375,0.028061923980422374,4,208.9999872990644,1.1245592089821006,410.0435431537571,0.03909503718031062,1.5552580195694046,5.279962633475747,6.2592592592592595,10,2323,821,1444
ema20,2.0x ATR,3.0,5,2,0.4,0.1176182311592533,0.769280067791163,250.97606514252834,0.025097606514252833,5,282.08830114539865,1.8345162346816446,497.4616858566278,0.048459038993869566,1.4717619337422532,2.568907764904092,32.4,0,2349,2339,0
vwap,structure,2.5,137,43,0.31386861313868614,0.24213533131272647,0.3957557463234266,220.79638477845583,0.022079638477845585,4,-15.084860715774902,1.0776996355992396,509.75493367713716,0.049051698310244515,0.699118562077357,1.3369595298236778,2.3138686131386863,23,1567,303,1123
vwap,structure,3.5,120,30,0.25,0.1810971138452223,0.33441302168274245,214.58530677387876,0.021458530677387875,4,8.367276252178678,1.0795363313781676,542.2946527849745,0.053140951360103154,0.6807750081547218,1.1148560661857545,2.6666666666666665,17,1610,421,1065
vwap,2.5% fixed,3.0,47,14,0.2978723404255319,0.18651084151016262,0.439779440463654,188.95917904273847,0.01889591790427385,5,212.97307760704257,1.099649306128752,399.89056400853406,0.0399657969365225,1.5234586715301508,2.5417926115720086,5.638297872340425,9,1726,236,1438
ema20,3.0% fixed,3.0,39,11,0.28205128205128205,0.16543325013943294,0.43775617322477384,162.16634504045805,0.016216634504045806,4,165.91002394821408,1.0911999905805867,558.6088501054819,0.054581359982900646,1.1569659137959714,2.5605483427990094,8.102564102564102,6,2467,167,2257
vwap,structure,3.0,148,41,0.27702702702702703,0.2112610094634641,0.35407549910862685,112.64887755264749,0.01126488775526475,4,11.242936926987246,1.034849451325367,557.0934221297048,0.05320963436453501,0.4220674155028127,0.7148054370815601,2.135135135135135,20,1602,209,1241
vwap,1.5x ATR,2.5,19,6,0.3157894736842105,0.15364171004428598,0.5398998982493537,71.94948809791003,0.007194948809791004,5,438.4918339299295,1.0591055666290476,287.9303212897121,0.02876330383899404,1.6928232084450356,3.750035728883856,14.631578947368421,4,1602,1294,284
ema20,3.0% fixed,2.5,51,15,0.29411764705882354,0.1870856524031203,0.42999335331516647,27.50741477398924,0.002750741477398924,4,49.13018403585931,1.011926795540096,761.993828839808,0.07499435694169589,0.25762044763262626,0.544727894643738,6.313725490196078,11,2461,319,2087
vwap,3.0% fixed,2.5,42,13,0.30952380952380953,0.1907092651972273,0.46026277766340595,-7.00724957546845,-0.000700724957546845,5,80.00653118485955,0.9964142939526026,359.9823648643069,0.035705820971712925,0.28747532400348114,0.49952849757063783,6.642857142857143,7,1772,280,1445
ema20,2.0% fixed,3.5,74,17,0.22972972972972974,0.1486706552074038,0.33746529266622677,-7.488863271810487,-0.0007488863271810487,4,130.4878427849235,0.9970299656830325,438.5310865348838,0.04295608430507074,0.4607693536932104,0.7881036513065831,4.027027027027027,19,2414,99,2237
ema20,1.5x ATR,2.5,24,7,0.2916666666666667,0.14914460334164278,0.49168063658709704,-12.643392632475752,-0.0012643392632475752,4,256.0623754342446,0.9919558911422587,619.7730414567777,0.058996031387506365,0.7417332099186676,1.8514517796375212,13.125,2,2546,2167,351
vwap,1.5x ATR,3.5,13,3,0.23076923076923078,0.08179379092465713,0.5025687399512693,-60.98556963785427,-0.006098556963785427,5,229.67319669226106,0.9356281959863123,481.6822877699342,0.04733679610328628,0.5164437972371333,0.7925259465074844,14.0,1,1775,1384,373
ema20,2.5% fixed,3.0,57,14,0.24561403508771928,0.1523270046544784,0.3710254384107928,-79.0976361852197,-0.00790976361852197,4,244.75658472047402,0.9655041351546301,729.5623691504061,0.07143092525116748,0.505068012394369,1.0655969085673143,5.421052631578948,10,2469,234,2174
vwap,1.0x ATR,3.0,42,11,0.2619047619047619,0.15302485372603591,0.41069019984975563,-100.66672265871966,-0.010066672265871966,4,223.1387199549389,0.9534534733656082,707.3045641694753,0.06877942760003705,0.39093922970625067,0.5192835571807334,6.857142857142857,7,1667,474,1147
vwap,3.0% fixed,3.0,36,9,0.25,0.13750323839225387,0.41070767683203424,-121.70142234102082,-0.012170142234102082,4,68.39666285577556,0.9291130944380073,350.5920560133909,0.0350388135637281,-0.15111894444436813,-0.27319686349084815,7.805555555555555,4,1711,220,1451
vwap,1.5x ATR,3.0,12,3,0.25,0.08894003962896138,0.53231033912066,-126.59411351137351,-0.01265941135113735,4,219.13419131284274,0.8554779419838553,435.6836787147804,0.042389054337183735,0.330383712247414,0.6085291976311749,15.666666666666666,1,1796,1056,724
ema20,1.5% fixed,3.0,114,29,0.2543859649122807,0.18335230338938902,0.34143351078828676,-138.16505515886956,-0.013816505515886956,4,17.41746181006459,0.9500080789818455,622.5269156047925,0.062165854266975906,-0.41485027933082996,-0.834950733662376,2.763157894736842,24,2328,346,1864
ema20,1.0x ATR,2.0,66,22,0.3333333333333333,0.2315626700450802,0.4534388190387895,-138.50361742635505,-0.013850361742635505,4,40.72246711593876,0.9499790488972948,923.740854579908,0.09030871244738158,-0.22596462562078154,-0.32808633740660653,5.257575757575758,13,2300,1013,1217
vwap,2.5% fixed,2.0,73,24,0.3287671232876712,0.23194330572835292,0.44271208926602507,-139.61804766846353,-0.013961804766846353,4,-19.803478653877644,0.9470921434352765,406.04788241583265,0.04058117063944978,-0.5160224777752581,-1.0193537092377396,4.287671232876712,15,1742,202,1463
ema20,structure,3.5,124,25,0.20161290322580644,0.1404555297898297,0.28070315408146096,-193.3934167260602,-0.01933934167260602,4,55.644672521870305,0.9296104103987657,534.5922405841447,0.0524139533859631,-0.3665852292437667,-0.7113158336031519,1.8629032258064515,22,2383,154,2101
vwap,2.5% fixed,3.5,43,10,0.23255813953488372,0.1315353846924483,0.37744808299439414,-227.86278509198064,-0.022786278509198066,4,225.44939234113116,0.8821436825481288,607.5937039010714,0.06064968817487653,0.03536679630082811,0.05235272503354778,6.1395348837209305,9,1725,33,1645
ema20,3.0% fixed,3.5,29,6,0.20689655172413793,0.09845936515585207,0.3839044660825772,-232.70047768967925,-0.023270047768967926,4,235.95007204121097,0.8425145174484643,534.8719357720256,0.05189167286720908,0.03015874671696025,0.062262994926817236,9.827586206896552,4,2521,227,2261
vwap,1.5% fixed,2.0,142,47,0.33098591549295775,0.2589356198330792,0.41194017966445773,-255.9925273269921,-0.02559925273269921,4,-16.27941997658566,0.9187473099957553,629.8953494723373,0.06295289735252184,-0.9596665007786188,-1.456992935736502,2.1619718309859155,29,1556,304,1106
ema20,structure,2.0,176,52,0.29545454545454547,0.2329985099668449,0.3666491800003262,-287.9414357128446,-0.028794143571284462,4,7.981517163766126,0.9095826526633052,583.0185065431942,0.05822052445315206,-0.8431074610998325,-1.4568597574771296,1.6136363636363635,32,2210,727,1303
ema20,2.0x ATR,3.5,3,0,0.0,0.0,0.5615060804490177,-300.744377056094,-0.0300744377056094,5,600.6545090492248,0.0,497.4616858566278,0.048459038993869566,0.857332312591253,1.528484456032705,9.0,0,2349,2341,0
vwap,1.5x ATR,2.0,24,7,0.2916666666666667,0.14914460334164278,0.49168063658709704,-339.65043405085225,-0.03396504340508522,5,2.315998486816655,0.7849026587777946,536.2548860386632,0.053570121247339154,-1.101748402982997,-1.8453903031343626,11.875,3,1639,1477,133
ema20,2.0% fixed,3.0,83,20,0.24096385542168675,0.1617462229721785,0.34309938097800213,-355.0399197426152,-0.035503991974261524,4,209.14788306634338,0.8758899893913059,686.8096766120452,0.06767682699799563,-0.4783255882251423,-0.9048881961710336,3.746987951807229,18,2408,333,1988
vwap,1.5% fixed,3.0,118,29,0.2457627118644068,0.1769108428586466,0.330646510294956,-432.21938006600294,-0.04322193800660029,4,120.65894014914315,0.8561396079316271,653.9818818453678,0.06536014960692854,-0.9813220940566876,-1.5794290977924361,2.5254237288135593,20,1591,123,1346
ema20,1.5% fixed,2.5,128,36,0.28125,0.2106120712149715,0.36463580199045076,-442.5058070713487,-0.044250580707134876,4,12.956341472278973,0.8564936635000817,712.2095977650843,0.07112161249958475,-1.6062766075064037,-3.193843160097648,2.4453125,30,2292,222,1938
ema20,1.5% fixed,3.5,101,22,0.21782178217821782,0.1484757444077501,0.30784693666541163,-454.3660133982994,-0.04543660133982994,4,18.705542300063904,0.8282264607554454,799.5122647672961,0.07983970120857686,-1.6936124800169503,-2.7474753560049465,3.108910891089109,21,2333,324,1904
ema20,1.5x ATR,3.0,15,3,0.2,0.07047420643610414,0.4518593533465045,-459.9068588455025,-0.04599068588455025,5,222.86362457382882,0.5898312691525697,973.0099382935641,0.09611996485088965,-0.6705784476840386,-1.219605507681849,13.4,2,2526,1919,587
ema20,1.0x ATR,3.5,33,7,0.21212121212121213,0.1067588656643618,0.3775197758712936,-461.7982989782306,-0.04617982989782306,4,368.63758675617373,0.7447432329773901,1075.6883795760386,0.10546130107527682,-0.18315378201077967,-0.27227788880252635,8.424242424242424,9,2472,524,1911
ema20,1.0x ATR,3.0,44,11,0.25,0.14574066080685744,0.39440849808414946,-465.4845079707977,-0.046548450797079775,4,229.8670782997802,0.7887589146953351,1180.0565828017188,0.11569363853662157,-0.5281399476533493,-0.785584882274384,7.4772727272727275,9,2477,610,1819
ema20,1.0x ATR,2.5,47,12,0.2553191489361702,0.15253006046383732,0.3950844913992039,-539.4205479789703,-0.05394205479789703,4,169.95023621424357,0.7709817199668889,920.1683080573421,0.08971171515326211,-1.065959627182116,-1.646429652443085,6.74468085106383,10,2449,581,1817
vwap,2.5% fixed,2.5,67,17,0.2537313432835821,0.16487779577697392,0.36929421614822255,-542.8422227317733,-0.05428422227317733,4,137.02539342223145,0.7917419479780902,872.9666095292032,0.08724588522189812,-1.273549776904736,-2.243929155105166,4.2835820895522385,7,1724,64,1589
vwap,1.0x ATR,2.5,55,15,0.2727272727272727,0.17280602508013648,0.40232449482414895,-543.9568753462424,-0.054395687534624246,4,64.16674033018109,0.8019041902950699,1008.3152051118122,0.0991040867109441,-1.1172154019068412,-1.3915714582785748,6.072727272727272,12,1756,594,1103
vwap,structure,2.0,171,54,0.3157894736842105,0.25081685457682346,0.38885699878530544,-576.4137695831485,-0.057641376958314845,4,-25.16538452794024,0.8246535886714786,826.2350333655995,0.08257544572776102,-2.108584385125392,-3.678016044784491,1.7777777777777777,29,1547,272,1100
ema20,2.5% fixed,2.0,75,22,0.29333333333333333,0.2023999721815816,0.4044065867923611,-587.9607935661052,-0.05879607935661052,4,18.833705080240758,0.7947409048223987,837.5080507349921,0.08302450718827113,-1.8141825209167812,-3.4186361404324823,4.426666666666667,13,2421,425,1917
vwap,2.0% fixed,2.0,106,33,0.3113207547169811,0.2310750750884331,0.404764169787825,-614.8885352044731,-0.06148885352044731,5,38.208770227288156,0.8091724853364359,915.5963604023837,0.09150638076791384,-1.8071385199428174,-2.9482854254649453,2.830188679245283,25,1660,230,1319
ema20,2.0% fixed,2.0,106,32,0.3018867924528302,0.22268303619470348,0.39494817092536755,-618.3248287860313,-0.06183248287860313,4,-35.085647219429674,0.8043504668876518,667.3791239919301,0.06664481859808115,-2.698523541314172,-4.6842377489520866,3.018867924528302,21,2394,421,1863
vwap,1.5% fixed,3.5,101,21,0.2079207920792079,0.14020699355070065,0.29703929036713345,-652.8535843394013,-0.06528535843394014,4,56.87532507763833,0.7634933166562513,995.5307838526023,0.0979591419982995,-1.8567744709303315,-2.876326988042445,2.871287128712871,16,1643,53,1485
ema20,2.0% fixed,2.5,85,22,0.25882352941176473,0.17757973288656093,0.3609247514991324,-657.3335837396112,-0.06573335837396112,4,-12.925290404676796,0.7656247476374015,684.2275221307555,0.06832730820146263,-2.453941929341468,-3.9787718075227048,3.823529411764706,21,2415,410,1916
ema20,structure,3.0,124,27,0.21774193548387097,0.15417986080833496,0.2982675428536968,-663.6620523579065,-0.06636620523579065,4,60.30311480888801,0.7559222390135374,782.4455445692365,0.07789129547883242,-2.0749575140511825,-3.3499801602245816,1.5483870967741935,19,2593,108,2357
vwap,1.5% fixed,2.5,130,34,0.26153846153846155,0.19361426783893437,0.3431515807462589,-683.9775226549361,-0.06839775226549362,4,-15.496584965317794,0.7855925637543693,886.9236832035876,0.088640780782091,-2.534986932859117,-3.9070409225908667,2.292307692307692,27,1642,133,1375
ema20,structure,2.5,143,35,0.24475524475524477,0.18157189677413066,0.3212937761686867,-715.8036949711079,-0.07158036949711079,4,68.12916307663849,0.7491885081667288,844.857273302654,0.08436787681300874,-2.1864281322419012,-3.1837030037739664,1.5664335664335665,22,2342,124,2071
ema20,1.5x ATR,3.5,16,2,0.125,0.034976749337057134,0.3602333143674828,-774.2491809118021,-0.07742491809118021,5,159.96330463873431,0.40156927517475477,937.5827378409613,0.0926202459597942,-1.904930818210902,-3.3948526824703618,13.4375,2,2531,1932,578
vwap,2.0% fixed,3.5,71,13,0.18309859154929578,0.11024622287362806,0.2884838951356075,-865.2975299783113,-0.08652975299783114,4,158.27940116474056,0.6651424478468756,1052.6027811222539,0.10519905391979457,-2.1321314861485905,-3.2941916724261637,3.732394366197183,13,1754,27,1652
ema20,1.5% fixed,2.0,143,41,0.2867132867132867,0.2189351892355547,0.36565119500433374,-881.8210961722016,-0.08818210961722016,4,16.093885683555506,0.7296157018812631,1036.116387139973,0.10346710915140596,-3.6006650685612906,-5.664241740449053,2.1538461538461537,29,2288,373,1768
vwap,2.0% fixed,2.5,84,20,0.23809523809523808,0.15974570781689024,0.3393526692618514,-901.0822447005426,-0.09010822447005426,4,11.925778391421483,0.6884377452721603,931.3008787414783,0.09306344680887708,-2.818941177140611,-4.5070259231781,3.5595238095238093,16,1720,85,1547
vwap,1.0x ATR,3.5,37,6,0.16216216216216217,0.07651103235297099,0.31136799295455864,-959.7551854711362,-0.09597551854711361,4,340.4459449079511,0.5491506333778392,1024.6378982232545,0.10184985957770015,-1.5178773951310107,-1.8317624975680749,7.108108108108108,8,1721,408,1272
vwap,3.0% fixed,3.5,34,4,0.11764705882352941,0.04671370973436122,0.26621174796298774,-1099.3053076894228,-0.10993053076894227,4,233.68903100327154,0.42741992852954036,1037.8943167126654,0.10372906299040337,-3.1433154397288097,-4.837429001254265,7.882352941176471,6,1813,36,1739
