symbol,entry_ts,entry_px,support,exit_ts,exit_px,shares,stop,target,reason,gapped,pnl,pnl_pct,hold_days
CDNS,2026-06-22T10:30:00-04:00,384.7273,381.1,2026-06-24T09:30:00-04:00,374.9215,6.4972,375.1091,408.7727,STOP,False,-63.71,-2.549,2
SLB,2026-06-22T10:30:00-04:00,47.5938,47.49,2026-06-24T09:30:00-04:00,46.3807,52.5081,46.4039,50.5684,STOP,False,-63.69,-2.549,2
AMZN,2026-06-22T10:30:00-04:00,235.4076,234.9,2026-06-24T15:30:00-04:00,235.2899,10.6172,235.4076,250.1206,BE_STOP,False,29.98,1.199,2
NVDA,2026-06-24T10:00:00-04:00,200.1101,199.0302,2026-06-25T09:45:00-04:00,195.0098,12.3345,195.1074,212.617,STOP,False,-62.91,-2.549,1
COP,2026-06-24T11:00:00-04:00,106.5683,107.1114,2026-06-30T09:50:00-04:00,103.8521,23.2663,103.9041,113.2288,STOP,False,-63.19,-2.549,6
HON,2026-06-30T10:00:00-04:00,225.7128,230.564,2026-06-30T14:00:00-04:00,219.96,10.8569,220.07,239.8199,STOP,False,-62.46,-2.549,0
NVDA,2026-06-25T10:00:00-04:00,194.077,194.714,2026-07-01T09:30:00-04:00,193.9799,12.6726,194.077,206.2068,BE_STOP,False,29.5,1.199,6
OKE,2026-06-30T10:15:00-04:00,88.4542,88.4328,2026-07-01T10:00:00-04:00,86.1997,27.6804,86.2429,93.9826,STOP,False,-62.4,-2.549,1
LRCX,2026-07-02T10:15:00-04:00,375.3837,377.1154,2026-07-02T10:30:00-04:00,365.8161,6.5084,365.9991,398.8452,STOP,False,-62.27,-2.549,0
CAT,2026-07-02T10:30:00-04:00,983.2964,972.3069,2026-07-02T13:05:00-04:00,958.2346,2.475,958.714,1044.7524,STOP,False,-62.03,-2.549,0
LLY,2026-07-01T10:00:00-04:00,1188.9442,1188.8406,2026-07-06T09:40:00-04:00,1188.3497,2.0314,1188.9442,1263.2532,BE_STOP,False,28.97,1.199,5
LRCX,2026-07-07T10:00:00-04:00,322.101,330.5643,2026-07-07T10:40:00-04:00,313.8914,7.5315,314.0484,342.2323,STOP,False,-61.83,-2.549,0
OKE,2026-07-01T10:00:00-04:00,86.3081,87.5242,2026-07-08T11:15:00-04:00,91.6565,27.9804,86.3081,91.7024,TARGET,False,104.59,4.331,7
XOM,2026-06-22T10:30:00-04:00,137.6288,137.02,2026-07-09T13:10:00-04:00,137.56,18.1648,137.6288,146.2306,BE_STOP,False,29.98,1.199,17
NVDA,2026-07-02T13:15:00-04:00,193.1664,193.5522,2026-07-10T09:45:00-04:00,205.1367,12.4657,193.1664,205.2393,TARGET,False,104.09,4.323,8
VRTX,2026-07-09T13:15:00-04:00,487.1635,485.8564,2026-07-13T10:30:00-04:00,474.7469,5.0504,474.9844,517.6112,STOP,False,-62.71,-2.549,4
LLY,2026-07-10T10:00:00-04:00,1195.0472,1204.8746,2026-07-14T09:30:00-04:00,1164.5884,2.0736,1165.171,1269.7376,STOP,False,-63.16,-2.549,4
CDNS,2026-07-07T10:45:00-04:00,368.553,369.1094,2026-07-16T09:30:00-04:00,365.2293,6.5447,368.553,391.5876,GAP_BE_STOP,True,18.66,0.773,9
AMZN,2026-07-08T11:15:00-04:00,241.9709,242.4893,2026-07-16T09:30:00-04:00,256.9656,10.0804,241.9709,257.0941,TARGET,False,113.6,4.657,8
CAT,2026-07-16T10:30:00-04:00,897.5686,894.6895,2026-07-16T13:35:00-04:00,874.6918,2.7477,875.1293,953.6666,STOP,False,-62.86,-2.549,0
LRCX,2026-07-16T14:00:00-04:00,316.4631,316.008,2026-07-17T09:30:00-04:00,303.6781,7.7807,308.5516,336.2421,GAP_STOP,True,-99.48,-4.04,1
CDNS,2026-07-16T10:00:00-04:00,362.2861,368.5266,2026-07-17T09:30:00-04:00,334.3927,6.7944,362.2861,384.9289,GAP_BE_STOP,True,-64.62,-2.625,1
LRCX,2026-07-17T10:00:00-04:00,309.4146,311.3083,2026-07-17T15:15:00-04:00,309.2599,7.8159,309.4146,328.7531,BE_STOP,False,29.01,1.199,0
LLY,2026-07-14T10:00:00-04:00,1150.0848,1170.9701,2026-07-20T15:50:00-04:00,1149.5097,2.1234,1150.0848,1221.9651,BE_STOP,False,29.29,1.199,6
VRTX,2026-07-13T10:30:00-04:00,475.9879,473.6931,2026-07-21T09:30:00-04:00,475.7499,5.1564,475.9879,505.7371,BE_STOP,False,29.44,1.199,8
LRCX,2026-07-21T10:00:00-04:00,315.2725,304.0443,2026-07-22T09:30:00-04:00,310.3947,7.6867,315.2725,334.9771,GAP_BE_STOP,True,10.92,0.451,1
AMZN,2026-07-22T10:00:00-04:00,246.6833,245.9445,2026-07-23T09:30:00-04:00,236.2018,9.9028,240.5162,262.101,GAP_STOP,True,-103.8,-4.249,1
CDNS,2026-07-20T10:00:00-04:00,333.3135,315.7107,2026-07-23T11:10:00-04:00,333.1468,7.2889,333.3135,354.1456,BE_STOP,False,29.14,1.199,3
AMZN,2026-07-23T10:00:00-04:00,235.4827,241.5816,2026-07-23T12:00:00-04:00,229.4808,10.2604,229.5956,250.2004,STOP,False,-61.58,-2.549,0
NVDA,2026-07-17T10:00:00-04:00,202.7818,205.4963,2026-07-27T09:40:00-04:00,202.6804,11.9275,202.7818,215.4557,BE_STOP,False,29.01,1.199,10
NVDA,2026-07-27T10:00:00-04:00,202.041,204.9175,2026-07-27T11:15:00-04:00,196.8915,12.047,196.9899,214.6685,STOP,False,-62.04,-2.549,0
AAPL,2026-07-23T12:00:00-04:00,320.7203,321.5274,2026-07-28T09:30:00-04:00,340.5949,7.5012,320.7203,340.7653,TARGET,False,104.0,4.323,5
LLY,2026-07-21T10:00:00-04:00,1159.3185,1150.6604,2026-07-28T10:55:00-04:00,1231.16,2.0901,1159.3185,1231.7759,TARGET,False,104.75,4.323,7
COP,2026-07-27T11:15:00-04:00,117.2686,118.0084,2026-07-28T11:35:00-04:00,114.2797,20.6481,114.3369,124.5979,STOP,False,-61.71,-2.549,1
VRTX,2026-07-23T11:15:00-04:00,476.4585,469.9422,2026-07-30T09:30:00-04:00,473.863,5.0597,476.4585,506.2372,GAP_BE_STOP,True,22.95,0.952,7
LRCX,2026-07-30T10:00:00-04:00,305.4677,244.086,2026-07-30T11:55:00-04:00,297.6821,7.944,297.831,324.5594,STOP,False,-61.85,-2.549,0
CDNS,2026-07-30T12:00:00-04:00,332.0459,331.7117,2026-08-03T09:45:00-04:00,331.8799,7.2361,332.0459,352.7988,BE_STOP,False,28.82,1.199,4
NVDA,2026-07-28T10:00:00-04:00,194.3153,193.432,2026-08-03T10:50:00-04:00,206.3568,12.5005,194.3153,206.46,TARGET,False,105.0,4.323,6
OKE,2026-07-28T11:00:00-04:00,89.6748,88.8895,2026-08-03T15:55:00-04:00,88.2159,27.1432,87.4329,95.2795,PRE_EARNINGS,False,-39.6,-1.627,6
OKE,2026-08-04T10:00:00-04:00,85.3427,87.2693,2026-08-05T10:45:00-04:00,85.3,28.5369,85.3427,90.6766,BE_STOP,False,29.21,1.199,1
COP,2026-07-28T11:45:00-04:00,114.3672,114.6754,2026-08-05T15:55:00-04:00,114.9825,21.1661,114.3672,121.5151,PRE_EARNINGS,False,43.81,1.81,8
AAPL,2026-08-03T10:00:00-04:00,304.7523,292.1137,2026-08-10T09:30:00-04:00,304.5999,7.9883,304.7523,323.7993,BE_STOP,False,37.06,1.522,7
GOOGL,2026-08-06T11:15:00-04:00,359.3446,358.7623,2026-08-11T09:45:00-04:00,350.1858,6.8269,350.361,381.8036,STOP,False,-62.53,-2.549,5
HON,2026-08-06T11:00:00-04:00,243.6017,243.9756,2026-08-11T10:35:00-04:00,237.3929,10.0807,237.5117,258.8268,STOP,False,-62.59,-2.549,5
XOM,2026-08-04T10:00:00-04:00,152.136,153.1004,2026-08-11T11:35:00-04:00,161.5637,16.0101,152.136,161.6445,TARGET,False,105.29,4.323,7
TJX,2026-08-11T10:45:00-04:00,157.2586,157.9502,2026-08-12T09:30:00-04:00,153.2505,15.5106,153.3271,167.0872,STOP,False,-62.17,-2.549,1
GOOGL,2026-08-11T10:00:00-04:00,351.3456,352.5683,2026-08-12T09:35:00-04:00,342.3907,6.978,342.562,373.3047,STOP,False,-62.49,-2.549,1
AMZN,2026-08-12T10:00:00-04:00,269.1545,270.4999,2026-08-14T15:55:00-04:00,262.2944,8.9234,262.4256,285.9767,STOP,False,-61.22,-2.549,2
MSFT,2026-08-12T10:00:00-04:00,492.6462,496.673,2026-08-17T12:40:00-04:00,480.0899,4.8758,480.33,523.4366,STOP,False,-61.22,-2.549,5
LLY,2026-08-17T10:00:00-04:00,1182.8612,1170.8982,2026-08-19T09:30:00-04:00,1256.1616,2.0128,1182.8612,1256.79,TARGET,False,102.92,4.323,2
LRCX,2026-08-19T10:00:00-04:00,315.7478,316.1745,2026-08-19T11:50:00-04:00,307.7002,7.6635,307.8541,335.482,STOP,False,-61.67,-2.549,0
AAPL,2026-08-10T10:00:00-04:00,307.4787,307.9883,2026-08-21T09:40:00-04:00,307.3249,7.9827,307.4787,326.6961,BE_STOP,False,29.44,1.199,11
NVDA,2026-08-18T10:00:00-04:00,220.5059,224.1501,2026-08-21T10:20:00-04:00,214.8858,10.8717,214.9933,234.2875,STOP,False,-61.1,-2.549,3
CAT,2026-08-19T12:00:00-04:00,811.8457,810.68,2026-08-25T10:00:00-04:00,811.4398,2.9752,811.8457,862.5861,BE_STOP,False,31.09,1.287,6
COP,2026-08-25T10:00:00-04:00,132.4062,133.0844,2026-08-27T09:40:00-04:00,129.0315,18.1524,129.096,140.6816,STOP,False,-61.26,-2.549,2
PSX,2026-08-26T10:00:00-04:00,237.5487,237.8309,2026-08-27T10:50:00-04:00,237.4299,10.1324,237.5487,252.3955,BE_STOP,False,28.87,1.199,1
MSFT,2026-08-17T12:45:00-04:00,480.7102,484.1791,2026-08-28T09:40:00-04:00,510.4992,4.946,480.7102,510.7546,TARGET,False,102.78,4.323,11
AMZN,2026-08-21T10:00:00-04:00,259.3596,258.174,2026-08-31T14:00:00-04:00,259.2299,9.2286,259.3596,275.5696,BE_STOP,False,28.71,1.199,10
PSX,2026-08-27T11:00:00-04:00,238.159,237.7365,2026-09-02T09:30:00-04:00,252.9174,10.0505,238.159,253.044,TARGET,False,103.47,4.323,6
COP,2026-08-27T10:00:00-04:00,128.9344,130.6189,2026-09-02T11:35:00-04:00,136.9243,18.6123,128.9344,136.9928,TARGET,False,109.52,4.564,6
LRCX,2026-09-02T10:00:00-04:00,287.2436,285.1449,2026-09-03T09:30:00-04:00,279.9224,8.7078,280.0625,305.1963,STOP,False,-63.75,-2.549,1
LLY,2026-08-31T14:00:00-04:00,1155.3274,1150.0449,2026-09-03T09:30:00-04:00,1154.7497,2.1306,1155.3274,1227.5353,BE_STOP,False,33.56,1.363,3
LRCX,2026-09-03T10:00:00-04:00,279.7348,281.317,2026-09-04T09:30:00-04:00,304.3178,8.9424,279.7348,297.2182,GAP_TARGET,True,140.54,5.618,1
MSFT,2026-09-02T11:45:00-04:00,494.6472,494.6783,2026-09-08T09:30:00-04:00,492.7635,5.0556,494.6472,525.5626,GAP_BE_STOP,True,25.86,1.034,6
LLY,2026-09-03T10:00:00-04:00,1154.467,1151.0142,2026-09-08T09:30:00-04:00,1125.0425,2.1665,1125.6053,1226.6211,STOP,False,-63.75,-2.549,5
ABT,2026-09-08T10:00:00-04:00,107.1335,107.1341,2026-09-10T09:30:00-04:00,104.403,23.4859,104.4552,113.8294,STOP,False,-64.13,-2.549,2
XOM,2026-08-28T10:00:00-04:00,156.3883,155.3284,2026-09-10T09:30:00-04:00,166.9165,15.4991,156.3883,166.1625,GAP_TARGET,True,111.27,4.59,13
